source,collected_at,title_raw,price,url,source_url,category_raw,rating,in_stock,availability,brand_raw,title_norm,category_norm,product_key
magalu,2026-02-12 20:50:04,Smartwatch Samsung Galaxy Watch5 BT 44mm Azul 16GB Bluetooth,1499.00,https://www.magazineluiza.com.br/smartwatch-samsung-galaxy-watch5-bt-44mm-azul-16gb-bluetooth/p/235690300/te/gaw5/,,smartwatch,4.7,True,,Samsung,smartwatch samsung galaxy watch5 bt 44mm azul 16gb bluetooth,smartwatch,f127ca6445944dbe72dafceae7af24deee0e787a
magalu,2026-02-12 20:50:02,Relógio Inteligente Para Xiaomi Prova DÁgua Bateria Durável Prata,197.97,https://www.magazineluiza.com.br/relogio-inteligente-para-xiaomi-prova-dagua-bateria-duravel-prata-spdireto/p/jk4eecbe21/te/smtw/,,smartwatch,4.43,True,,SPDIRETO,relogio inteligente para xiaomi prova dagua bateria duravel prata,smartwatch,53adb70f8a028bba0c282f6ba67f508e624f3f1d
magalu,2026-02-12 20:49:59,"SmartWatch Husky Sports 700 GPS, Preto, Pulseira Extra Azul Marinho, Com GPS - HSPH000",415.40,https://www.magazineluiza.com.br/smartwatch-husky-sports-700-gps-preto-pulseira-extra-azul-marinho-com-gps-hsph000/p/ahddc4ehjf/te/smtw/,,smartwatch,4.0,True,,Husky Sports,smartwatch husky sports 700 gps preto pulseira extra azul marinho com gps hsph000,smartwatch,f8fb2cc9c68b71107146201df97bc951714ddaaa
magalu,2026-02-12 20:49:57,Relogio Smartwatch XiaomiHaylou Solar Lite A Prova Dagua IOS e Android Masculino e Feminino Sicroniza Com Strava Pulseira Extra - XiaomiMi,300.00,https://www.magazineluiza.com.br/relogio-smartwatch-xiaomihaylou-solar-lite-a-prova-dagua-ios-e-android-masculino-e-feminino-sicroniza-com-strava-pulseira-extra-xiaomimi/p/hf0hkhe902/te/smtw/,,smartwatch,,True,,XiaomiHaylou,relogio smartwatch xiaomihaylou solar lite a prova dagua ios e android masculino e feminino sicroniza com strava pulseira extra xiaomimi,smartwatch,e171405942b708be44bd23bed1c8f2ac0bfd59f0
magalu,2026-02-12 20:49:55,Relógio inteligente WearFit Pro 64GB Chip 5G Câmera rotativa Celular de Pulso Wifi Smartwatch com sistema Android integrado PlayStore,679.99,https://www.magazineluiza.com.br/relogio-inteligente-wearfit-pro-64gb-chip-5g-camera-rotativa-celular-de-pulso-wifi-smartwatch-com-sistema-android-integrado-playstore-howear/p/ka481b056f/te/smtw/,,smartwatch,5.0,True,,Howear,relogio inteligente wearfit pro 64gb chip 5g camera rotativa celular de pulso wifi smartwatch com sistema android integrado playstore,smartwatch,a25a71650e8fc588fdc6758794f1fa3d14588c1c
magalu,2026-02-12 20:49:53,Smart Watch Relógio Inteligente Digital Recebe e Faz Ligaçoes Nfc Indução W28 Pro Troca Pulseira,171.00,https://www.magazineluiza.com.br/smart-watch-relogio-inteligente-digital-recebe-e-faz-ligacoes-nfc-inducao-w28-pro-troca-pulseira/p/jfk462ef2k/te/smtw/,,smartwatch,5.0,True,,W28 Pro,smart watch relogio inteligente digital recebe e faz ligacoes nfc inducao w28 pro troca pulseira,smartwatch,a41fbd2cc44e343a3a67b40fff92f4d19739c2f5
magalu,2026-02-12 20:49:50,Relogio Smartwatch Rosa Inteligente Para Serie 9 iPhone 8 X 12 13 14 15 - SVD Smartwatch,305.81,https://www.magazineluiza.com.br/relogio-smartwatch-rosa-inteligente-para-serie-9-iphone-8-x-12-13-14-15-svd-smartwatch/p/kd19g9e38k/te/smtw/,,smartwatch,5.0,True,,,relogio smartwatch rosa inteligente para serie 9 iphone 8 x 12 13 14 15 svd smartwatch,smartwatch,ed2a6a3a092f2d79f521f6038aef38516090994f
magalu,2026-02-12 20:49:48,SmartwatchA P P L E Watch SE GPS 2ª Geração Caixa prateada de alumínio 44 mm Pulseira Preta Midnight Modelo A2723 PM - SE segunda geração,2200.00,https://www.magazineluiza.com.br/smartwatcha-p-p-l-e-watch-se-gps-2a-geracao-caixa-prateada-de-aluminio-44-mm-pulseira-preta-midnight-modelo-a2723-pm-se-segunda-geracao/p/hhd15d59b9/te/smtw/,,smartwatch,,True,,Apple,smartwatcha p p l e watch se gps 2a geracao caixa prateada de aluminio 44 mm pulseira preta midnight modelo a2723 pm se segunda geracao,smartwatch,5c142e82b8c5f2d50b54957108820b4f513265e7
magalu,2026-02-12 20:49:46,Relógio Smartwatch Xiaomi Redmi Watch 5 Lite - Com GPS integrado (Dourado/Gold) Global,589.00,https://www.magazineluiza.com.br/relogio-smartwatch-xiaomi-redmi-watch-5-lite-com-gps-integrado-dourado-gold-global/p/hehd78fk7a/te/smtw/,,smartwatch,,True,,Xiaomi,relogio smartwatch xiaomi redmi watch 5 lite com gps integrado dourado gold global,smartwatch,9dc6195c03b01aec25dbee6d8bbc0bad4738b05d
magalu,2026-02-12 20:49:44,"Apple Watch SE GPS, Caixa Meia-Noite de Alumínio de 44 mm, Pulseira Loop Esportiva Tinto - MXEP3BE/A",2829.00,https://www.magazineluiza.com.br/apple-watch-se-gps-caixa-meia-noite-de-aluminio-de-44-mm-pulseira-loop-esportiva-tinto-mxep3be-a/p/be4aagk8gb/te/smtw/,,smartwatch,,False,,Apple,apple watch se gps caixa meia noite de aluminio de 44 mm pulseira loop esportiva tinto mxep3be a,smartwatch,49fff021f767f1abad9b82ddee9ed3d0cf552448
magalu,2026-02-12 20:49:41,"Apple Watch Series 10 GPS + Cellular, Caixa Prateada de Alumínio de 42 mm, Pulseira Esportiva Denim, Tamanho P/M - MWX33AM/A",5340.00,https://www.magazineluiza.com.br/apple-watch-series-10-gps-cellular-caixa-prateada-de-aluminio-de-42-mm-pulseira-esportiva-denim-tamanho-p-m-mwx33am-a/p/ajg8a7g23a/te/smtw/,,smartwatch,,False,,Apple,apple watch series 10 gps cellular caixa prateada de aluminio de 42 mm pulseira esportiva denim tamanho p m mwx33am a,smartwatch,51475e4d488576942b9ec77907f0bd1785f66b4e
magalu,2026-02-12 20:49:39,Relógio Garmi Smartwatch Esportivo Forerunner 55 Preto com GPS,1499.00,https://www.magazineluiza.com.br/relogio-garmi-smartwatch-esportivo-forerunner-55-preto-com-gps/p/eke98240cc/te/smtw/,,smartwatch,5.0,True,,Garmin,relogio garmi smartwatch esportivo forerunner 55 preto com gps,smartwatch,3a67dacd0ff2c80f9665bc87a2cce3533a51f797
magalu,2026-02-12 20:49:37,"Apple Watch Series 10 GPS + Cellular, Caixa Cor de Ouro Rosa de Alumínio de 46 mm, Pulseira Esportiva Blush-Clara, Tamanho P/M - MWY63AM/A",5226.00,https://www.magazineluiza.com.br/apple-watch-series-10-gps-cellular-caixa-cor-de-ouro-rosa-de-aluminio-de-46-mm-pulseira-esportiva-blush-clara-tamanho-p-m-mwy63am-a/p/jac52fd9d4/te/smtw/,,smartwatch,4.5,False,,Apple,apple watch series 10 gps cellular caixa cor de ouro rosa de aluminio de 46 mm pulseira esportiva blush clara tamanho p m mwy63am a,smartwatch,f34d41187e141cdfcc7a3cdcb9100132f8227782
magalu,2026-02-12 20:49:34,Smartwatch Smart Ultra Responde WhatsApp Relógio 47mm GPS - 01Smart,170.00,https://www.magazineluiza.com.br/smartwatch-smart-ultra-responde-whatsapp-relogio-47mm-gps-01smart/p/ehc10514a0/te/smtw/,,smartwatch,,True,,01Smart,smartwatch smart ultra responde whatsapp relogio 47mm gps 01smart,smartwatch,5f32f434c3b4a6e4ddfcf57bf7e43da280d5485d
magalu,2026-02-12 20:49:30,Relogio Smartwatch Redondo Feminino Branco Serie 9 Para Samsung Android e IOS Nota Fiscal Original - Laves,342.99,https://www.magazineluiza.com.br/relogio-smartwatch-redondo-feminino-branco-serie-9-para-samsung-android-e-ios-nota-fiscal-original-laves/p/jj250ch3fd/te/smtw/,,smartwatch,1.3,True,,,relogio smartwatch redondo feminino branco serie 9 para samsung android e ios nota fiscal original laves,smartwatch,5d443c1909c418ff1001fc7f55f505c11c55fff8
magalu,2026-02-12 20:49:28,"Relogio Smartwatch Ecossistema Xiaomi, Haylou Solar Neo Amoled A Prova Dagua Modos De Esportes Masculino e Feminino IOS e Android CONECTA COM STRAVA - XIaomiMi",310.10,https://www.magazineluiza.com.br/relogio-smartwatch-ecossistema-xiaomi-haylou-solar-neo-amoled-a-prova-dagua-modos-de-esportes-masculino-e-feminino-ios-e-android-conecta-com-strava-xiaomimi/p/gakg138f9h/te/smtw/,,smartwatch,5.0,True,,,relogio smartwatch ecossistema xiaomi haylou solar neo amoled a prova dagua modos de esportes masculino e feminino ios e android conecta com strava xiaomimi,smartwatch,b1359943d841f43798a6be60a88dc039512cc299
magalu,2026-02-12 20:49:24,Smartwatch Samsung Galaxy Watch7 BT 44mm - Prata SM-L310NZSAZTO,1949.00,https://www.magazineluiza.com.br/smartwatch-samsung-galaxy-watch7-bt-44mm-prata-sm-l310nzsazto/p/chjgb498dk/te/gawa/,,smartwatch,4.7,True,,Samsung,smartwatch samsung galaxy watch7 bt 44mm prata sm l310nzsazto,smartwatch,58a9a6e64e8fafe2e564cb9dd1be95f18431756b
magalu,2026-02-12 20:49:22,Relógio Inteligente Para Samsung Galaxy A26,197.97,https://www.magazineluiza.com.br/relogio-inteligente-para-samsung-galaxy-a26-spdireto/p/de5g997jj9/te/smtw/,,smartwatch,4.43,True,,SPDIRETO,relogio inteligente para samsung galaxy a26,smartwatch,83f600ab0d90aa14d1e4aa1890b7753b8d4fe80f
magalu,2026-02-12 20:49:20,Smartwatch S10 Lançamento 2025 Série 10 X Microwear Original NFC tela 47m Amoled 120Hz novo sistema MicroOs 10 resistencia certificada IP68,280.42,https://www.magazineluiza.com.br/smartwatch-s10-lancamento-2025-serie-10-x-microwear-original-nfc-tela-47m-amoled-120hz-novo-sistema-microos-10-resistencia-certificada-ip68/p/dh6a25c7e5/te/smtw/,,smartwatch,4.58,True,,Microwear,smartwatch s10 lancamento 2025 serie 10 x microwear original nfc tela 47m amoled 120hz novo sistema microos 10 resistencia certificada ip68,smartwatch,ba7b86662c9e1287134e2e5bd5b6f6d39d6e1a68
magalu,2026-02-12 20:49:17,Smartwatch Watch Ultra Ma27 47mm Amoled Nfc Chatgpt + 2 Pulseiras,239.20,https://www.magazineluiza.com.br/smartwatch-watch-ultra-ma27-47mm-amoled-nfc-chatgpt-2-pulseiras-microwear/p/fk49c1ccd8/te/smtw/,,smartwatch,4.83,True,,Microwear,smartwatch watch ultra ma27 47mm amoled nfc chatgpt 2 pulseiras,smartwatch,535898950b6f8bbb74e834102114d5521ff9127b
magalu,2026-02-12 20:49:15,"Samsung Galaxy Watch Ultra 2025 Smartwatch 47mm LTE, Galaxy AI, Titânio Aeroespacial",2339.10,https://www.magazineluiza.com.br/samsung-galaxy-watch-ultra-2025-smartwatch-47mm-lte-galaxy-ai-titanio-aeroespacial/p/fh7191ahkk/te/smtw/,,smartwatch,4.79,True,,Samsung,samsung galaxy watch ultra 2025 smartwatch 47mm lte galaxy ai titanio aeroespacial,smartwatch,9eed2bf1fa67dceaadb94395f854e62f5e2bbc82
magalu,2026-02-12 20:49:12,"Apple Watch Series 10 GPS, Caixa Prateada de Alumínio de 46 mm, Pulseira Esportiva Denim, Tamanho M/G - MWWM3AM/A",4545.00,https://www.magazineluiza.com.br/apple-watch-series-10-gps-caixa-prateada-de-aluminio-de-46-mm-pulseira-esportiva-denim-tamanho-m-g-mwwm3am-a/p/cb9geaeb71/te/smtw/,,smartwatch,4.4,True,,Apple,apple watch series 10 gps caixa prateada de aluminio de 46 mm pulseira esportiva denim tamanho m g mwwm3am a,smartwatch,f7bc4f120e3cb905843810b01624e5a976f61dc1
magalu,2026-02-12 20:49:10,Relógio-Smartwatch-Garmin-Forerunner 165 Amoled Branco com Cinza - G A R M I N,2299.00,https://www.magazineluiza.com.br/relogio-smartwatch-garmin-forerunner-165-amoled-branco-com-cinza-g-a-r-m-i-n/p/eh6e6245hj/te/smtw/,,smartwatch,,True,,Garmin,relogio smartwatch garmin forerunner 165 amoled branco com cinza g a r m i n,smartwatch,0f540883161e0d5e89bcec4e0a5c1787eec2e79c
magalu,2026-02-12 20:49:08,"Relógio Smartwatch Xiaomi Redmi Watch 5 Gps, Versão Global, (Roxo)",989.00,https://www.magazineluiza.com.br/relogio-smartwatch-xiaomi-redmi-watch-5-gps-versao-global-roxo/p/chh6c75f06/te/smtw/,,smartwatch,5.0,True,,Xiaomi,relogio smartwatch xiaomi redmi watch 5 gps versao global roxo,smartwatch,1e01fc5a5438461cd89c21619ca9497160469d88
magalu,2026-02-12 20:49:06,Relógio Smartwatch Feminino Rose Hw19 Prova Dágua Envio Já - Alzza,192.00,https://www.magazineluiza.com.br/relogio-smartwatch-feminino-rose-hw19-prova-dagua-envio-ja-alzza/p/kbjak7cc9h/te/smtw/,,smartwatch,3.2,True,,,relogio smartwatch feminino rose hw19 prova dagua envio ja alzza,smartwatch,86201c40336db5136fcc32e8b8525716285569f9
magalu,2026-02-12 20:49:03,Relógio inteligente Smartwatch W10 X Lançamento com 10 pulseiras 46mm Esportivo para Android e iOs Masculino e Feminino,297.49,https://www.magazineluiza.com.br/relogio-inteligente-smartwatch-w10-x-lancamento-com-10-pulseiras-46mm-esportivo-para-android-e-ios-masculino-e-feminino-watch-10-x/p/ka8dj1cb2b/te/smtw/,,smartwatch,3.8,True,,Watch 10 X,relogio inteligente smartwatch w10 x lancamento com 10 pulseiras 46mm esportivo para android e ios masculino e feminino,smartwatch,52ac5db7ac67edc8a59a98d775d19c51eff44b18
magalu,2026-02-12 20:49:01,"Smartwatch Samsung Galaxy Fit3 Display 1.6""",278.07,https://www.magazineluiza.com.br/smartwatch-samsung-galaxy-fit3-display-1-6/p/hgc5214kd4/te/smtw/,,smartwatch,4.55,True,,Samsung,smartwatch samsung galaxy fit3 display 1 6,smartwatch,cc7b86bd54c2e0050ccea59db339d87102deaf78
magalu,2026-02-12 20:48:58,Relógio Inteligente Smartwatch Rosa Pro W10 Mini 8 Pulseiras Masculino Feminino - SMT LAVES,161.00,https://www.magazineluiza.com.br/relogio-inteligente-smartwatch-rosa-pro-w10-mini-8-pulseiras-masculino-feminino-smt-laves/p/fjgj0acgdb/te/smtw/,,smartwatch,,True,,,relogio inteligente smartwatch rosa pro w10 mini 8 pulseiras masculino feminino smt laves,smartwatch,ae6278f2a32a8d55135cc0d34494eaef4adcb6a9
magalu,2026-02-12 20:48:57,Smartwatch Huawei Watch GT 6 41mm Roxo 64GB Bluetooth,1998.00,https://www.magazineluiza.com.br/smartwatch-huawei-watch-gt-6-41mm-roxo-64gb-bluetooth/p/240744500/te/smtw/,,smartwatch,3.0,True,,Huawei,smartwatch huawei watch gt 6 41mm roxo 64gb bluetooth,smartwatch,0c98bbecb667b9becdb0dbda6117377e06399ebe
magalu,2026-02-12 20:48:54,Smartwatch Microwear Original MA27 ᴳᵃˡᵃˣʸ Ultra Style NFC  Prova Dágua IP68  Amoled  Responde Whats  47mm  Relógio Watch Inteligente 2025,339.15,https://www.magazineluiza.com.br/smartwatch-microwear-original-ma27-l-xy-ultra-style-nfc-prova-dagua-ip68-amoled-responde-whats-47mm-relogio-watch-inteligente-2025/p/jgkd9ckh53/te/smtw/,,smartwatch,4.4,True,,Microwear,smartwatch microwear original ma27 alaxy ultra style nfc prova dagua ip68 amoled responde whats 47mm relogio watch inteligente 2025,smartwatch,1d14b72aa0b51a30963e2a3f502b51cdff4d8b26
magalu,2026-02-12 20:48:51,"Smartwatch Amazfit_Active 2, Aço Inoxidável, Tela Amoled 1,32, Round A2437- Preto - Active2",729.00,https://www.magazineluiza.com.br/smartwatch-amazfit-active-2-aco-inoxidavel-tela-amoled-132-round-a2437-preto-active2/p/dbfk45j6jk/te/smtw/,,smartwatch,4.3,True,,Amazfit,smartwatch amazfit active 2 aco inoxidavel tela amoled 1 32 round a2437 preto active2,smartwatch,09811ec9f91bccbec1eb6e026ceefd8f957be936
magalu,2026-02-12 20:48:49,Smartwatch Huawei Watch Fit 4 Pro Cinza Escuro 4GB Bluetooth,1776.00,https://www.magazineluiza.com.br/smartwatch-huawei-watch-fit-4-pro-cinza-escuro-4gb-bluetooth/p/240744100/te/smtw/,,smartwatch,5.0,True,,Huawei,smartwatch huawei watch fit 4 pro cinza escuro 4gb bluetooth,smartwatch,2446eb11e9caa0dff4c252ea39f822705142f04c
magalu,2026-02-12 20:48:46,Smartwatch Amazfit Active 2 Round Preto,900.00,https://www.magazineluiza.com.br/smartwatch-amazfit-active-2-round-preto/p/hc9cfk7h12/te/smtw/,,smartwatch,5.0,True,,Amazfit,smartwatch amazfit active 2 round preto,smartwatch,aae874a2017175a2ee5f9e35214c815ab3727029
magalu,2026-02-12 20:48:43,"SmartWatch Husky Sports 700 GPS, Preto, Pulseira Extra Cinza, Com GPS - HSPH004",415.40,https://www.magazineluiza.com.br/smartwatch-husky-sports-700-gps-preto-pulseira-extra-cinza-com-gps-hsph004/p/je5c5agac1/te/smtw/,,smartwatch,4.3,True,,Husky Sports,smartwatch husky sports 700 gps preto pulseira extra cinza com gps hsph004,smartwatch,c0a1a05ee740c2c8ff2799ef8c5dd8b25b16cb84
magalu,2026-02-12 20:48:33,"Smartwatch RedmiWatch 5 Active, Alexa, Tela LCD, 18 dias Bateria, Chamadas Bluetooth, 5ATM - Prata",275.00,https://www.magazineluiza.com.br/smartwatch-redmiwatch-5-active-alexa-tela-lcd-18-dias-bateria-chamadas-bluetooth-5atm-prata/p/cb72db8kfc/te/smtw/,,smartwatch,4.8,True,,Redmi,smartwatch redmiwatch 5 active alexa tela lcd 18 dias bateria chamadas bluetooth 5atm prata,smartwatch,f132268ee8579ecc6c8f033ef18ccbd444968e6d
magalu,2026-02-12 20:48:31,Smartwatch Relógio Garmin Forerunner 265S Music Rosa EU/PAC com Monitor Cardíaco de Pulso e GPS 42mm,4649.00,https://www.magazineluiza.com.br/smartwatch-relogio-garmin-forerunner-265s-music-rosa-eu-pac-com-monitor-cardiaco-de-pulso-e-gps-42mm/p/jd1g0b9ca3/te/smtw/,,smartwatch,,True,,Garmin,smartwatch relogio garmin forerunner 265s music rosa eu pac com monitor cardiaco de pulso e gps 42mm,smartwatch,8908a4a5fbb604a2430a65b17803637eb03e9811
magalu,2026-02-12 20:48:29,Smartwatch Redmi Watch 5 Lite Global Gps Original,465.70,https://www.magazineluiza.com.br/smartwatch-redmi-watch-5-lite-global-gps-original-xiaomi/p/da6f5a0ak1/te/smtw/,,smartwatch,4.64,True,,Xiaomi,smartwatch redmi watch 5 lite global gps original,smartwatch,e11420f6e9a96c2dcaa5fce7c5a59bf8ed63ad6d
magalu,2026-02-12 20:48:27,Relogio Champion Smart Watch Inteligente 033 Prova DAgua CH50033 + Pulseira Extra e Garantia de um ano,332.22,https://www.magazineluiza.com.br/relogio-champion-smart-watch-inteligente-033-prova-dagua-ch50033-pulseira-extra-e-garantia-de-um-ano/p/hjc2d0d0e0/te/smtw/,,smartwatch,4.8,True,,Champion,relogio champion smart watch inteligente 033 prova dagua ch50033 pulseira extra e garantia de um ano,smartwatch,ecffab7ab6328e15b222acee8be764d02a497dc1
magalu,2026-02-12 20:48:24,Relogio Smart Watch Inteligente Masculino Feminino Compatível Samsung Galaxy Xiaomi,50.95,https://www.magazineluiza.com.br/relogio-smart-watch-inteligente-masculino-feminino-compativel-samsung-galaxy-xiaomi-01smart/p/heje2584d3/te/smtw/,,smartwatch,3.78,True,,01Smart,relogio smart watch inteligente masculino feminino compativel samsung galaxy xiaomi,smartwatch,978fa4edf51649f2941a2799ff6cc23380a25b73
magalu,2026-02-12 20:48:22,Smartwatch W11 Pro Mini Series 11 42mm 1GB Relógio Inteligente WhatsApp ChatGpt Tela Amoled - Microwear,299.90,https://www.magazineluiza.com.br/smartwatch-w11-pro-mini-series-11-42mm-1gb-relogio-inteligente-whatsapp-chatgpt-tela-amoled-microwear/p/kdkah533e8/te/smtw/,,smartwatch,4.0,True,,Microwear,smartwatch w11 pro mini series 11 42mm 1gb relogio inteligente whatsapp chatgpt tela amoled microwear,smartwatch,2561027501992aaea133f148d1564d8a254cd4d4
magalu,2026-02-12 20:48:20,Relógio Smartwatch Redondo Preto Bluetooth À Prova dÁgua Masculino Esportivo Compatível com Samsung Android iOS e Xiaomi 2025 - SMARTREDONDO,259.90,https://www.magazineluiza.com.br/relogio-smartwatch-redondo-preto-bluetooth-a-prova-dagua-masculino-esportivo-compativel-com-samsung-android-ios-e-xiaomi-2025-smartredondo/p/bb1k2d14e1/te/smtw/,,smartwatch,5.0,True,,,relogio smartwatch redondo preto bluetooth a prova dagua masculino esportivo compativel com samsung android ios e xiaomi 2025 smartredondo,smartwatch,9620c95d4820eba7b006d2b1302c4f28d264edb9
magalu,2026-02-12 20:48:17,Relógio Smartwatch S11 Pro Serie 11 Responde Whatsapp NFC GPS Original,182.19,https://www.magazineluiza.com.br/relogio-smartwatch-s11-pro-serie-11-responde-whatsapp-nfc-gps-original-01smart/p/bfh713bd0f/te/smtw/,,smartwatch,4.1,True,,01Smart,relogio smartwatch s11 pro serie 11 responde whatsapp nfc gps original,smartwatch,43464a4a4843b0d3a1b850c805dd3c05c5e22a8e
magalu,2026-02-12 20:48:14,Smartwatch Relogio Inteligente Prova Dagua Esportes MultiFunções Masculino Feminino - TUDO PORMENOS,178.00,https://www.magazineluiza.com.br/smartwatch-relogio-inteligente-prova-dagua-esportes-multifuncoes-masculino-feminino-tudo-pormenos/p/kckfbbd60k/te/smtw/,,smartwatch,4.4,True,,Lige,smartwatch relogio inteligente prova dagua esportes multifuncoes masculino feminino tudo pormenos,smartwatch,2e1dc39b8d604149d924be2411c0ce8577cca319
magalu,2026-02-12 20:48:12,Relógio Amazfit Smartwatch Bip 6 Preto Gps Alexa Bluetooth,605.90,https://www.magazineluiza.com.br/relogio-amazfit-smartwatch-bip-6-preto-gps-alexa-bluetooth/p/dej4c25hd4/te/smtw/,,smartwatch,,True,,Amazfit,relogio amazfit smartwatch bip 6 preto gps alexa bluetooth,smartwatch,14b2d6f4d36aed9e371dbea5a9605021a213c6e8
magalu,2026-02-12 20:48:09,Relógio Smart Watch Digital D20 Masculino / Feminino + Fone Bluetooth Sem Fio,48.82,https://www.magazineluiza.com.br/relogio-smart-watch-digital-d20-masculino-feminino-fone-bluetooth-sem-fio-01smart/p/ed9afc08kc/te/smtw/,,smartwatch,3.46,True,,01Smart,relogio smart watch digital d20 masculino feminino fone bluetooth sem fio,smartwatch,f065a43e643686aaa4745d3b6a6a80a8496b8b92
magalu,2026-02-12 20:48:07,Relogio Smart Watch W29s Pro Original Microwear Serie 9 Android iOS Nfc Gps Masculino Feminino,153.90,https://www.magazineluiza.com.br/relogio-smart-watch-w29s-pro-original-microwear-serie-9-android-ios-nfc-gps-masculino-feminino/p/gdgge8f7c4/te/smtw/,,smartwatch,4.7,True,,Microwear,relogio smart watch w29s pro original microwear serie 9 android ios nfc gps masculino feminino,smartwatch,25237e0e7db94c74df28f9184349c5c39fb134ac
magalu,2026-02-12 20:48:04,Smartwatch S10 Pro Microwear com ChatGPT Tradutor Original,134.08,https://www.magazineluiza.com.br/smartwatch-s10-pro-microwear-com-chatgpt-tradutor-original-01smart/p/kh17je6793/te/smtw/,,smartwatch,4.56,True,,01Smart,smartwatch s10 pro microwear com chatgpt tradutor original,smartwatch,423efe8a4a585bea332fd9710b10923acbe1c141
magalu,2026-02-12 20:48:02,Relogio Inteligente Watch X Smartwatch Bluetooth Masculino Feminino C/Pulseira Extra Pelicula Case,188.10,https://www.magazineluiza.com.br/relogio-inteligente-watch-x-smartwatch-bluetooth-masculino-feminino-c-pulseira-extra-pelicula-case-microwear/p/cb6bk9jb0b/te/smtw/,,smartwatch,5.0,True,,Microwear,relogio inteligente watch x smartwatch bluetooth masculino feminino c pulseira extra pelicula case,smartwatch,2abc9fd6063e2f1cacfe4036f150656c0440b8f3
magalu,2026-02-12 20:47:59,Relógio Smartwatch S8 pro a prova d'gua envio imediato,128.00,https://www.magazineluiza.com.br/relogio-smartwatch-s8-pro-a-prova-d-gua-envio-imediato/p/acj20dde4b/te/smtw/,,smartwatch,4.0,True,,,relogio smartwatch s8 pro a prova d gua envio imediato,smartwatch,5ce6963f5318458076260f9e63a08ac04342db7d
magalu,2026-02-12 20:47:57,Relógio Inteligente Smartwatch Tela Grande Melhor Carregador Preto Masculino e Feminino A Prova D água Original - Hapes,121.00,https://www.magazineluiza.com.br/relogio-inteligente-smartwatch-tela-grande-melhor-carregador-preto-masculino-e-feminino-a-prova-d-agua-original-hapes/p/fge27e36a7/te/smtw/,,smartwatch,4.0,True,,,relogio inteligente smartwatch tela grande melhor carregador preto masculino e feminino a prova d agua original hapes,smartwatch,b144bbcb173c4cecef061df827ef5057cd9b4b2c
magalu,2026-02-12 20:47:55,Relógio Smartwatch Qcy Watch Gs S6 Bluetooth Ipx8,207.13,https://www.magazineluiza.com.br/relogio-smartwatch-qcy-watch-gs-s6-bluetooth-ipx8/p/cgjecaf0d8/te/smtw/,,smartwatch,4.5,True,,QCY,relogio smartwatch qcy watch gs s6 bluetooth ipx8,smartwatch,d4d6afeda1ed4ae1c9ddc38286c03140299a95be
magalu,2026-02-12 20:47:52,Relogio Garmin Forerunner 165 Preto e Cinza Ardosia,2899.00,https://www.magazineluiza.com.br/relogio-garmin-forerunner-165-preto-e-cinza-ardosia/p/dge594c7fa/te/smtw/,,smartwatch,1.0,True,,Garmin,relogio garmin forerunner 165 preto e cinza ardosia,smartwatch,6253812b55e4bb5a8884126e99c0bad17e205fb6
magalu,2026-02-12 20:47:50,Smartwatch Samsung Galaxy Watch7 44mm Verde 32GB Bluetooth,1298.00,https://www.magazineluiza.com.br/smartwatch-samsung-galaxy-watch7-44mm-verde-32gb-bluetooth/p/238533400/te/gawa/,,smartwatch,4.8,True,,Samsung,smartwatch samsung galaxy watch7 44mm verde 32gb bluetooth,smartwatch,bc9e01149d3f3ffd3ce53520642d27877e851748
magalu,2026-02-12 20:47:47,Smartwatch Samsung Galaxy Watch7 40mm Creme 32GB Bluetooth,1198.00,https://www.magazineluiza.com.br/smartwatch-samsung-galaxy-watch7-40mm-creme-32gb-bluetooth/p/238533600/te/smtw/,,smartwatch,4.8,True,,Samsung,smartwatch samsung galaxy watch7 40mm creme 32gb bluetooth,smartwatch,def988f9951f15ea3d1a1ff0ea4f4c8d95132a3f
magalu,2026-02-12 20:47:45,Smartwatch S10 Lançamento 2025 Série 10 X Microwear Original NFC tela 47m Amoled 120Hz novo sistema MicroOs 10 resistencia certificada IP68,169.15,https://www.magazineluiza.com.br/smartwatch-s10-lancamento-2025-serie-10-x-microwear-original-nfc-tela-47m-amoled-120hz-novo-sistema-microos-10-resistencia-certificada-ip68/p/ejjjkb6e0g/te/smtw/,,smartwatch,4.74,True,,Microwear,smartwatch s10 lancamento 2025 serie 10 x microwear original nfc tela 47m amoled 120hz novo sistema microos 10 resistencia certificada ip68,smartwatch,d8b941b3de3eed734906b2fe203b404511a5d7c9
magalu,2026-02-12 20:47:43,Relógio inteligente 2025 Watch Ultra 7 Pulseiras Bluetooth para android e iOs modo esporte 49mm 2.2,141.53,https://www.magazineluiza.com.br/relogio-inteligente-2025-watch-ultra-7-pulseiras-bluetooth-para-android-e-ios-modo-esporte-49mm-2-2-unity/p/hdd39h627f/te/smtw/,,smartwatch,4.0,True,,Unity,relogio inteligente 2025 watch ultra 7 pulseiras bluetooth para android e ios modo esporte 49mm 2 2,smartwatch,febe9538f3f010434b8ca8f9ae02b314fdb1440a
magalu,2026-02-12 20:47:40,Smartwatch Hw5 Max 3 Pulseiras Masculino Android iOS Bluetooth Relogio Inteligente Gps Induçao,223.25,https://www.magazineluiza.com.br/smartwatch-hw5-max-3-pulseiras-masculino-android-ios-bluetooth-relogio-inteligente-gps-inducao/p/bfc2bj87fc/te/smtw/,,smartwatch,4.12,True,,Hw5 Max,smartwatch hw5 max 3 pulseiras masculino android ios bluetooth relogio inteligente gps inducao,smartwatch,800fc455d8ebb63af537efda0933f97de6bd1a88
magalu,2026-02-12 20:47:37,Smartwatch S10 Watch Série 10 Ultra Original com 5 Pulseiras NFC GPS Compatível Android e iOS,124.10,https://www.magazineluiza.com.br/smartwatch-s10-watch-serie-10-ultra-original-com-5-pulseiras-nfc-gps-compativel-android-e-ios-watch-x/p/dfj90kkgck/te/smtw/,,smartwatch,4.0,True,,WATCH X,smartwatch s10 watch serie 10 ultra original com 5 pulseiras nfc gps compativel android e ios,smartwatch,4d11f47c7b46697d485fd473cc1b1cf41c6bc1a8
magalu,2026-02-12 20:47:35,Relogio Smartwatch Feminino Masculino D20 Fit Pro,33.39,https://www.magazineluiza.com.br/relogio-smartwatch-feminino-masculino-d20-fit-pro-01smart/p/hfgfeg54f4/te/smtw/,,smartwatch,3.32,True,,01Smart,relogio smartwatch feminino masculino d20 fit pro,smartwatch,06d96ca00a10cf1ba1672aff6279a7d8a065b3e6
magalu,2026-02-12 20:47:32,"SmartWatch Husky Sports 700 GPS, Preto, Pulseira Extra Verde Escuro, Com GPS - HSPH001",415.40,https://www.magazineluiza.com.br/smartwatch-husky-sports-700-gps-preto-pulseira-extra-verde-escuro-com-gps-hsph001/p/hbj16e14e1/te/smtw/,,smartwatch,4.5,True,,Husky Sports,smartwatch husky sports 700 gps preto pulseira extra verde escuro com gps hsph001,smartwatch,333414894d1ca705785b790a2c8c0b6e1c3d4c58
magalu,2026-02-12 20:47:30,Relógio Inteligente D20 Notificação rede sociais Recebe Whats Fone sem fio,47.82,https://www.magazineluiza.com.br/relogio-inteligente-d20-notificacao-rede-sociais-recebe-whats-fone-sem-fio-01smart/p/kdfbh4bfc9/te/smtw/,,smartwatch,3.46,True,,01Smart,relogio inteligente d20 notificacao rede sociais recebe whats fone sem fio,smartwatch,18de40308276ef5d3c5fbecaec3716d4f5bd4de2
magalu,2026-02-12 20:47:28,Smartwatch Feminino W10 Mini 41mm Amoled 8 Pulseiras Fone Bluetooth,148.71,https://www.magazineluiza.com.br/smartwatch-feminino-w10-mini-41mm-amoled-8-pulseiras-fone-bluetooth-01smart/p/kc7jj47f5g/te/smtw/,,smartwatch,4.14,True,,01Smart,smartwatch feminino w10 mini 41mm amoled 8 pulseiras fone bluetooth,smartwatch,3295be607eb91976dc87370dbc05a09485aa48dd
magalu,2026-02-12 20:47:26,Relógio Inteligente Hw16 Feminino Rosa Kit Pelicula Case Pulseira Extra Bluetooth Android iOS Nf,174.00,https://www.magazineluiza.com.br/relogio-inteligente-hw16-feminino-rosa-kit-pelicula-case-pulseira-extra-bluetooth-android-ios-nf/p/he3dk777bb/te/smtw/,,smartwatch,5.0,True,,,relogio inteligente hw16 feminino rosa kit pelicula case pulseira extra bluetooth android ios nf,smartwatch,acc80eb04851d7d0f0b9820f67b0f1ba5f563668
magalu,2026-02-12 20:47:24,Smartwatch Ultra 3 Ai Chip 5g Câmera Wifi 16gb Relogio Inteligente Lançamento Kit 4 Pulseiras,427.50,https://www.magazineluiza.com.br/smartwatch-ultra-3-ai-chip-5g-camera-wifi-16gb-relogio-inteligente-lancamento-kit-4-pulseiras-microwear/p/jdfhhf5a10/te/smtw/,,smartwatch,4.23,True,,Microwear,smartwatch ultra 3 ai chip 5g camera wifi 16gb relogio inteligente lancamento kit 4 pulseiras,smartwatch,72a77975c8e15f728157ea0911ae7d1173bd5030
magalu,2026-02-12 20:47:22,Smartwatch Relógio Inteligente Ultra 9 - À Prova D'água - Masculino e Feminino - Hapes,304.62,https://www.magazineluiza.com.br/smartwatch-relogio-inteligente-ultra-9-a-prova-d-agua-masculino-e-feminino-hapes/p/eb39g6e753/te/smtw/,,smartwatch,4.7,True,,,smartwatch relogio inteligente ultra 9 a prova d agua masculino e feminino hapes,smartwatch,6db1140017ed5326efae8625f2ebb97105a8db13
magalu,2026-02-12 20:47:19,Relógio Smartwatch AmazfitBip 5 Com Gps Preto,469.00,https://www.magazineluiza.com.br/relogio-smartwatch-amazfitbip-5-com-gps-preto/p/gg040c2gff/te/smtw/,,smartwatch,5.0,True,,Amazfit,relogio smartwatch amazfitbip 5 com gps preto,smartwatch,523e376274ff9c19fd57970a817ca94fd89bebba
magalu,2026-02-12 20:47:17,"Relógio Smartwatch Xiaomi Smart Band 9 Active Tela TFT 1,47 5 ATM 60 Hz Bluetooth 5.3 Preto",299.99,https://www.magazineluiza.com.br/relogio-smartwatch-xiaomi-smart-band-9-active-tela-tft-147-5-atm-60-hz-bluetooth-5-3-preto/p/dajhhc7970/te/smtw/,,smartwatch,4.9,True,,Xiaomi,relogio smartwatch xiaomi smart band 9 active tela tft 1 47 5 atm 60 hz bluetooth 5 3 preto,smartwatch,97732c82e9d5f926af62852c19ab0024234fb714
magalu,2026-02-12 20:47:14,Relogio Smartwatch W10 Mini Pro Serie Gps Album Música Foto 3 Pulseiras,221.25,https://www.magazineluiza.com.br/relogio-smartwatch-w10-mini-pro-serie-gps-album-musica-foto-3-pulseiras-01smart/p/bg13cjb33j/te/smtw/,,smartwatch,4.88,True,,01Smart,relogio smartwatch w10 mini pro serie gps album musica foto 3 pulseiras,smartwatch,126de25ac4f541f27a53a5ddd473d72af370345c
magalu,2026-02-12 20:47:12,Smartwatch samsung galaxy fit 3 tela amoled 1.6 rosé,291.00,https://www.magazineluiza.com.br/smartwatch-samsung-galaxy-fit-3-tela-amoled-1-6-rose/p/hc8d8g28g4/te/smtw/,,smartwatch,4.5,True,,Samsung,smartwatch samsung galaxy fit 3 tela amoled 1 6 rose,smartwatch,ba4c0280001fd7870abcf339bca487be5db66b1e
magalu,2026-02-12 20:47:10,"Smartwatch Amazfit_Bip 6, Gps Integrado, Alexa, Tela Amoled 1,97"", 5 ATM, 14 dias bateria - BIP6",613.00,https://www.magazineluiza.com.br/smartwatch-amazfit-bip-6-gps-integrado-alexa-tela-amoled-197-5-atm-14-dias-bateria-bip6/p/dea80a6dg8/te/smtw/,,smartwatch,4.8,True,,Amazfit,smartwatch amazfit bip 6 gps integrado alexa tela amoled 1 97 5 atm 14 dias bateria bip6,smartwatch,3c77bba08f251a7af8fa6fc4baf79a35a3b8f9a1
magalu,2026-02-12 20:47:07,Smartwatch Samsung Galaxy Watch7 Prata 32GB Bluetooth,1298.00,https://www.magazineluiza.com.br/smartwatch-samsung-galaxy-watch7-prata-32gb-bluetooth/p/238532900/te/gawa/,,smartwatch,4.7,True,,Samsung,smartwatch samsung galaxy watch7 prata 32gb bluetooth,smartwatch,24155b3b470be5eb86993a0e3557002f78e031bf
magalu,2026-02-12 20:47:05,Smartwatch Huawei Watch Fit 4 Preto 4GB Bluetooth,998.89,https://www.magazineluiza.com.br/smartwatch-huawei-watch-fit-4-preto-4gb-bluetooth/p/240743100/te/smtw/,,smartwatch,,True,,Huawei,smartwatch huawei watch fit 4 preto 4gb bluetooth,smartwatch,02977c6503b1090a802b4ee2192e35092ec45dc5
magalu,2026-02-12 20:47:01,Smartwatch Samsung Galaxy Watch7 40mm Verde 32GB Bluetooth,1198.00,https://www.magazineluiza.com.br/smartwatch-samsung-galaxy-watch7-40mm-verde-32gb-bluetooth/p/238533500/te/smtw/,,smartwatch,4.8,True,,Samsung,smartwatch samsung galaxy watch7 40mm verde 32gb bluetooth,smartwatch,b5dfd758ae265084d18ad05ec1b22de1eccd78cd
magalu,2026-02-12 20:46:58,Relogio Smartwatch Feminino Masculino D20 Fit Pro Inteligente Oferta,31.53,https://www.magazineluiza.com.br/relogio-smartwatch-feminino-masculino-d20-fit-pro-inteligente-oferta-01smart/p/kk4ecde1b6/te/smtw/,,smartwatch,3.36,True,,01Smart,relogio smartwatch feminino masculino d20 fit pro inteligente oferta,smartwatch,757bd1565945465aa1c203ed0092bbf9eccbfb95
magalu,2026-02-12 20:46:56,Relógio Smart Digital Original S11 Rosa Masculino E Feminino Envio Já - Alzza,279.95,https://www.magazineluiza.com.br/relogio-smart-digital-original-s11-rosa-masculino-e-feminino-envio-ja-alzza/p/gb606hhbad/te/smtw/,,smartwatch,4.3,True,,Microwear,relogio smart digital original s11 rosa masculino e feminino envio ja alzza,smartwatch,a6d73a1ff4f250af732a94ea30ea59103d6aa55d
magalu,2026-02-12 20:46:53,Smartwatch Samsung Galaxy Watch8 40mm Grafite 32GB Bluetooth,2554.00,https://www.magazineluiza.com.br/smartwatch-samsung-galaxy-watch8-40mm-grafite-32gb-bluetooth/p/240351900/te/gaw8/,,smartwatch,4.8,True,,Samsung,smartwatch samsung galaxy watch8 40mm grafite 32gb bluetooth,smartwatch,39440b1bb12058ba5f4b4864a852e48cb86bd739
magalu,2026-02-12 20:46:51,Moto Tag Rastreador Motorola GPS Bluetooth compatível com Android 4 unidades,899.00,https://www.magazineluiza.com.br/moto-tag-rastreador-motorola-gps-bluetooth-compativel-com-android-4-unidades/p/cj2c6eb0ad/te/smtw/,,smartwatch,,True,,Motorola,moto tag rastreador motorola gps bluetooth compativel com android 4 unidades,smartwatch,f6f572ef70c4f08fa52e77de9583e00fd3af6bbb
magalu,2026-02-12 20:46:49,Relógio Smartwatch Qcy Gt S8 Tela Amoled Bluetooth Ipx8,250.24,https://www.magazineluiza.com.br/relogio-smartwatch-qcy-gt-s8-tela-amoled-bluetooth-ipx8/p/ej285d2a25/te/smtw/,,smartwatch,4.74,True,,QCY,relogio smartwatch qcy gt s8 tela amoled bluetooth ipx8,smartwatch,00ab15a65e0ed8a3356750bfd99da3ac2d77c55c
magalu,2026-02-12 20:46:47,Smartwatch Smart W10 Mini Series 10 Amoled 41mm 8 Pulseiras,118.92,https://www.magazineluiza.com.br/smartwatch-smart-w10-mini-series-10-amoled-41mm-8-pulseiras-01smart/p/bk946dk8b2/te/smtw/,,smartwatch,4.15,True,,01Smart,smartwatch smart w10 mini series 10 amoled 41mm 8 pulseiras,smartwatch,748cce7c04c624fb0392154bb5d8e3d8c43723b0
magalu,2026-02-12 20:46:45,Relógio Smartwatch Ultra 2 Com 6 Pulseiras Masculino Feminino Lançamento 2025,126.39,https://www.magazineluiza.com.br/relogio-smartwatch-ultra-2-com-6-pulseiras-masculino-feminino-lancamento-2025-01smart/p/bkjjab39e4/te/smtw/,,smartwatch,4.14,True,,01Smart,relogio smartwatch ultra 2 com 6 pulseiras masculino feminino lancamento 2025,smartwatch,d9ce1ebc71c968846e888cfa2ce16e34b33e7d40
magalu,2026-02-12 20:46:42,Smartwatch Microwear MA27 Estilo Galaxy 47mm NFC Tela AMOLED Resistente à Água,211.65,https://www.magazineluiza.com.br/smartwatch-microwear-ma27-estilo-galaxy-47mm-nfc-tela-amoled-resistente-a-agua/p/ek7k9865g8/te/smtw/,,smartwatch,4.4,True,,Microwear,smartwatch microwear ma27 estilo galaxy 47mm nfc tela amoled resistente a agua,smartwatch,2c6e0a7a5153820a364bb3dd6afc2ca235118dee
magalu,2026-02-12 20:46:39,Relógio Smart Watch Digital D20 Original Masculino E Feminino,26.31,https://www.magazineluiza.com.br/relogio-smart-watch-digital-d20-original-masculino-e-feminino-01smart/p/fjge2h6222/te/smtw/,,smartwatch,3.43,True,,01Smart,relogio smart watch digital d20 original masculino e feminino,smartwatch,ff599737ade3914ccad630560f8c252473b6a8ea
magalu,2026-02-12 20:46:37,Smartwatch Xiaomi Redmi Watch 5 Prova dágua ATM5 Alexa Versão Active Super bateria 18 até 30 dias assistente de voz chamadas bluetooth esportivo,255.19,https://www.magazineluiza.com.br/smartwatch-xiaomi-redmi-watch-5-prova-dagua-atm5-alexa-versao-active-super-bateria-18-ate-30-dias-assistente-de-voz-chamadas-bluetooth-esportivo/p/je9b6j96hk/te/smtw/,,smartwatch,5.0,True,,Xiaomi,smartwatch xiaomi redmi watch 5 prova dagua atm5 alexa versao active super bateria 18 ate 30 dias assistente de voz chamadas bluetooth esportivo,smartwatch,08cad2a85909a0ccde7c11e474012874de0c226e
magalu,2026-02-12 20:46:35,Relógio Digital Smartwatch Masculino e Feminino + Fone de Ouvido Sem fio,103.11,https://www.magazineluiza.com.br/relogio-digital-smartwatch-masculino-e-feminino-fone-de-ouvido-sem-fio-01smart/p/ehgdf6916e/te/smtw/,,smartwatch,3.95,True,,01Smart,relogio digital smartwatch masculino e feminino fone de ouvido sem fio,smartwatch,3907880ef0801d4251a435dc278ddf1a41ac9cb5
magalu,2026-02-12 20:46:32,Smartwatch Xiaomi Redmi Watch 5 Prova dágua ATM5 Alexa  Versão Active  Super bateria 18 até 30 dias assistente de voz chamadas bluetooth esportivo,297.49,https://www.magazineluiza.com.br/smartwatch-xiaomi-redmi-watch-5-prova-dagua-atm5-alexa-versao-active-super-bateria-18-ate-30-dias-assistente-de-voz-chamadas-bluetooth-esportivo-unity/p/afbcj7a3h2/te/smtw/,,smartwatch,5.0,True,,Unity,smartwatch xiaomi redmi watch 5 prova dagua atm5 alexa versao active super bateria 18 ate 30 dias assistente de voz chamadas bluetooth esportivo,smartwatch,0fecea05d8bcff0de086c2cce5ee08d2009287ed
magalu,2026-02-12 20:46:30,Smartwatch Xiaomi Redmi Watch 5 Active Versão 2024 Chamadas Bluetooth Relógio Inteligente Alexa,269.70,https://www.magazineluiza.com.br/smartwatch-xiaomi-redmi-watch-5-active-versao-2024-chamadas-bluetooth-relogio-inteligente-alexa/p/ecdfg35gah/te/smtw/,,smartwatch,4.8,True,,Xiaomi,smartwatch xiaomi redmi watch 5 active versao 2024 chamadas bluetooth relogio inteligente alexa,smartwatch,804088cb44994f367cef14979303c41192be7c21
magalu,2026-02-12 20:46:27,Relógio Smart Watch Digital Masculino Feminino c/ Fone de ouvido Sem Fio,105.51,https://www.magazineluiza.com.br/relogio-smart-watch-digital-masculino-feminino-c-fone-de-ouvido-sem-fio-01smart/p/cj9dfjbhfh/te/smtw/,,smartwatch,3.95,True,,01Smart,relogio smart watch digital masculino feminino c fone de ouvido sem fio,smartwatch,268d2608e9556b22be51c872315714597386a006
magalu,2026-02-12 20:46:24,Relógio Inteligente Smartwatch Redondo Masculino H-1 Serie 9 Original Compativel C/ Samsung Xiaomi - Laves,338.02,https://www.magazineluiza.com.br/relogio-inteligente-smartwatch-redondo-masculino-h-1-serie-9-original-compativel-c-samsung-xiaomi-laves/p/ja0c14d70c/te/smtw/,,smartwatch,3.7,True,,,relogio inteligente smartwatch redondo masculino h 1 serie 9 original compativel c samsung xiaomi laves,smartwatch,f1d4bc9e1a115d092d66039a330c99ad43642591
magalu,2026-02-12 20:46:22,Smartwatch samsung galaxy fit 3 tela amoled 1.6 grafite,291.00,https://www.magazineluiza.com.br/smartwatch-samsung-galaxy-fit-3-tela-amoled-1-6-grafite/p/gjg1b53kdk/te/smtw/,,smartwatch,4.5,True,,Samsung,smartwatch samsung galaxy fit 3 tela amoled 1 6 grafite,smartwatch,b0a521bb8dc5b7f553955f7e22063ae884771e5e
magalu,2026-02-12 20:46:19,Smartwatch Relógio Inteligente Masculino Original Condor,250.43,https://www.magazineluiza.com.br/smartwatch-relogio-inteligente-masculino-original-condor/p/ee4ffc3a9d/te/smtw/,,smartwatch,5.0,True,,Condor,smartwatch relogio inteligente masculino original condor,smartwatch,95f2ea27b67b9c61d83bde8625751233cbca491a
magalu,2026-02-12 20:46:16,Smartwatch Relógio Inteligente Feminino Rosa Original Condor,248.76,https://www.magazineluiza.com.br/smartwatch-relogio-inteligente-feminino-rosa-original-condor/p/ebc2cf8917/te/smtw/,,smartwatch,3.0,True,,Condor,smartwatch relogio inteligente feminino rosa original condor,smartwatch,15424603f55543f877c2ed20fc891de6e6fc101a
magalu,2026-02-12 20:46:14,Relogio Smartwatch Feminino Rosa Serie 9 Para Samsung Android e IOS - Laves,294.11,https://www.magazineluiza.com.br/relogio-smartwatch-feminino-rosa-serie-9-para-samsung-android-e-ios-laves/p/hf97j180jj/te/smtw/,,smartwatch,4.0,True,,,relogio smartwatch feminino rosa serie 9 para samsung android e ios laves,smartwatch,373815c95448bb038e622abe7148d8c88e0b0ab0
magalu,2026-02-12 20:46:11,Relógio Garmi Smartwatch Forerunner 55 Preto Esportivo com GPS,1499.00,https://www.magazineluiza.com.br/relogio-garmi-smartwatch-forerunner-55-preto-esportivo-com-gps/p/hj6304hdj3/te/smtw/,,smartwatch,5.0,True,,Garmin,relogio garmi smartwatch forerunner 55 preto esportivo com gps,smartwatch,67b0a7245b3eaf41da6d590ac4003b017df649f2
magalu,2026-02-12 20:46:09,Relogio Smartwatch Feminino Masculino D20 Fit Pro Inteligente Oferta,34.32,https://www.magazineluiza.com.br/relogio-smartwatch-feminino-masculino-d20-fit-pro-inteligente-oferta-01smart/p/ha52b9ch4k/te/smtw/,,smartwatch,3.36,True,,01Smart,relogio smartwatch feminino masculino d20 fit pro inteligente oferta,smartwatch,81fb843f6ff63cfde6ba5f3389ff709b75f59e23
magalu,2026-02-12 20:46:07,Relógio Smartwatch Digital Pro Series 9 Nfc Gps 47mm Lançamento,149.51,https://www.magazineluiza.com.br/relogio-smartwatch-digital-pro-series-9-nfc-gps-47mm-lancamento-01smart/p/ah4a9f62fa/te/smtw/,,smartwatch,4.48,True,,01Smart,relogio smartwatch digital pro series 9 nfc gps 47mm lancamento,smartwatch,8c18a86cecce96c88161de0e4ef889eb34b40393
magalu,2026-02-12 20:46:04,"Smartwatch Watch X Mini 41mm Feminino 2024 com  2 Pulseiras, Monitor de Saúde, GPS, NFC e Modos Esportivos para Corrida e Academia",195.42,https://www.magazineluiza.com.br/smartwatch-watch-x-mini-41mm-feminino-2024-com-2-pulseiras-monitor-de-saude-gps-nfc-e-modos-esportivos-para-corrida-e-academia-wearfit/p/gb3h34699k/te/smtw/,,smartwatch,4.62,True,,WearFit,smartwatch watch x mini 41mm feminino 2024 com 2 pulseiras monitor de saude gps nfc e modos esportivos para corrida e academia,smartwatch,d6dbac07599eb1d7e41262b8d92705266acd69b7
magalu,2026-02-12 20:46:02,"Relógio Smartwatch Xiaomi Redmi Watch 5 Active, Alexa, 18 dias Bateria, Chamadas Bluetooth Prata",559.00,https://www.magazineluiza.com.br/relogio-smartwatch-xiaomi-redmi-watch-5-active-alexa-18-dias-bateria-chamadas-bluetooth-prata/p/fbfa76d079/te/smtw/,,smartwatch,4.6,True,,Xiaomi,relogio smartwatch xiaomi redmi watch 5 active alexa 18 dias bateria chamadas bluetooth prata,smartwatch,ef98bf4c0489ad4f2c4ac34a7ed139573e6ca2b7
magalu,2026-02-12 20:45:59,Smartwatch Smart 41mm Series 9 Relógio Inteligente Feminino Pulseira de metal,131.91,https://www.magazineluiza.com.br/smartwatch-smart-41mm-series-9-relogio-inteligente-feminino-pulseira-de-metal-01esporte/p/jh025j1e48/te/smtw/,,smartwatch,4.06,True,,01Esporte,smartwatch smart 41mm series 9 relogio inteligente feminino pulseira de metal,smartwatch,304761a1aebf0a28e57fd432869def7c062f4c06
magalu,2026-02-12 20:45:57,Relógio Inteligente Smartwatch W10 Mini 41mm Amoled Bluetooth C/ 8 Pulseiras,130.11,https://www.magazineluiza.com.br/relogio-inteligente-smartwatch-w10-mini-41mm-amoled-bluetooth-c-8-pulseiras-01smart/p/dj8d58k681/te/smtw/,,smartwatch,4.14,True,,01Smart,relogio inteligente smartwatch w10 mini 41mm amoled bluetooth c 8 pulseiras,smartwatch,90149c09f8668c87c5544bfecb89d4e10340c5fa
magalu,2026-02-12 20:45:54,Moto Tag Rastreador Motorola GPS Bluetooth compatível com Android 1 unidade,299.00,https://www.magazineluiza.com.br/moto-tag-rastreador-motorola-gps-bluetooth-compativel-com-android-1-unidade/p/cc94hkf920/te/smtw/,,smartwatch,5.0,True,,Motorola,moto tag rastreador motorola gps bluetooth compativel com android 1 unidade,smartwatch,d7a91d192638aabe44961bd7350a06fec4fee6f4
